[
  {
    "name": "Lorem ipsum",
    "description": "Lorem ipsum dolor sit amet, usu viris vituperatoribus id, ex principes gloriatur pri, ad usu oratio eligendi. Impetus fabellas dissentiet in sed. No vel semper veritus, vix at prima malis dicta.",
    "logo": "dist/img/logo1.png"
  },
  {
    "name": "Lorem ipsum",
    "description": "Lorem ipsum dolor sit amet, usu viris vituperatoribus id, ex principes gloriatur pri, ad usu oratio eligendi. Impetus fabellas dissentiet in sed. No vel semper veritus, vix at prima malis dicta.",
    "logo": "dist/img/logo2.png"
  },
  {
    "name": "Lorem ipsum",
    "description": "Lorem ipsum dolor sit amet, usu viris vituperatoribus id, ex principes gloriatur pri, ad usu oratio eligendi. Impetus fabellas dissentiet in sed. No vel semper veritus, vix at prima malis dicta.",
    "logo": "dist/img/logo3.png"
  },
  {
    "name": "Lorem ipsum",
    "description": "Lorem ipsum dolor sit amet, usu viris vituperatoribus id, ex principes gloriatur pri, ad usu oratio eligendi. Impetus fabellas dissentiet in sed. No vel semper veritus, vix at prima malis dicta.",
    "logo": "dist/img/logo4.png"
  }
]