[
  {
    "name": "Paddleboard Tour with Odyssey Charters - June Drawing",
    "id": 2428,
    "image": ""
  },
  {
    "name": "December Winter Activity Drawing",
    "id": 2430,
    "image": ""
  },
  {
    "name": "Grocery Delivery Service",
    "id": 2427,
    "image": ""
  },
  {
    "name": "60 Minute Swedish Massage",
    "id": 2429,
    "image": ""
  },
  {
    "name": "Private Party on the Wild Goose Drawing",
    "id": 2431,
    "image": ""
  },
  {
    "name": "Private Chef Service",
    "id": 2426,
    "image": ""
  },
  {
    "name": "One Night Free",
    "id": 2425,
    "image": ""
  }
]